observation_id,status,category_code,category_display,code,code_display,code_system,patient_id,encounter_id,effective_date_time,value,unit,unit_code,unit_system,reference_range_low,reference_range_high
OBS001,final,laboratory,Laboratory,718-7,Hemoglobin,http://loinc.org,PAT001,ENC001,2026-09-01T09:15:00,14.2,g/dL,g/dL,http://unitsofmeasure.org,12.0,17.5
OBS002,final,laboratory,Laboratory,4548-4,Hemoglobin A1c,http://loinc.org,PAT002,ENC002,2026-09-02T14:30:00,6.1,%,%,http://unitsofmeasure.org,4.0,5.6
OBS003,preliminary,vital-signs,Vital Signs,8867-4,Heart rate,http://loinc.org,PAT003,ENC003,2026-09-03T08:10:00,88,beats/min,/min,http://unitsofmeasure.org,60,100
OBS004,final,vital-signs,Vital Signs,8480-6,Systolic blood pressure,http://loinc.org,PAT004,ENC004,2026-09-04T10:20:00,128,mmHg,mm[Hg],http://unitsofmeasure.org,90,120
OBS005,final,vital-signs,Vital Signs,8462-4,Diastolic blood pressure,http://loinc.org,PAT005,ENC005,2026-09-05T11:05:00,82,mmHg,mm[Hg],http://unitsofmeasure.org,60,80
OBS006,final,laboratory,Laboratory,2345-7,Glucose,http://loinc.org,PAT006,ENC006,2026-09-06T18:35:00,105,mg/dL,mg/dL,http://unitsofmeasure.org,70,99
OBS007,amended,laboratory,Laboratory,2160-0,Creatinine,http://loinc.org,PAT007,ENC007,2026-09-07T07:45:00,1.1,mg/dL,mg/dL,http://unitsofmeasure.org,0.6,1.3
OBS008,final,vital-signs,Vital Signs,8310-5,Body temperature,http://loinc.org,PAT008,ENC008,2026-09-08T15:10:00,98.6,degF,[degF],http://unitsofmeasure.org,97.0,99.5
OBS009,final,laboratory,Laboratory,6690-2,Leukocytes,http://loinc.org,PAT009,ENC009,2026-09-09T07:00:00,7.4,10*3/uL,10*3/uL,http://unitsofmeasure.org,4.0,11.0
OBS010,registered,vital-signs,Vital Signs,29463-7,Body weight,http://loinc.org,PAT010,ENC010,2026-09-10T13:45:00,72.5,kg,kg,http://unitsofmeasure.org,50,100
